,accuracy,f1_weighted,cv_mean,cv_std
Logistic Regression,0.6888888888888889,0.6850983519404572,0.6547315855181024,0.04085298308169901
Decision Tree,0.5888888888888889,0.5815118288144604,0.6681398252184769,0.053754294476644135
Random Forest,0.7222222222222222,0.7145263863530117,0.7014481897627964,0.06000471198552082
Gradient Boosting,0.6666666666666666,0.6686865804160325,0.6859425717852684,0.04750731901636385
